{
  "metadata": {
    "generated_at_utc": "2026-04-06T07:04:58.165783+00:00",
    "host_platform": "linux (Linux 6.17.0-1008-azure)",
    "node_version": "v20.20.2",
    "pm2_command": "/opt/hostedtoolcache/node/20.20.2/x64/bin/pm2",
    "oxmgr_binary": "/home/runner/work/OxMgr/OxMgr/target/release/oxmgr",
    "process_counts": [
      1,
      25,
      100
    ]
  },
  "empty_daemon_boot": {
    "oxmgr": {
      "boot_ms": {
        "median": 100.65563500000962,
        "p95": 102.25280109999346
      },
      "daemon_rss_kb": {
        "median": 6592.0
      }
    },
    "pm2": {
      "boot_ms": {
        "median": 386.47475499999473,
        "p95": 391.3668795999939
      },
      "daemon_rss_kb": {
        "median": 57692.0
      }
    }
  },
  "scale": {
    "1": {
      "oxmgr": {
        "start_ms": {
          "median": 3.7558859999933247
        },
        "settle_ms": {
          "median": 0.13141499999846928
        },
        "list_ms": {
          "median": 2.429396999986011
        },
        "daemon_rss_kb": {
          "median": 6884.0
        }
      },
      "pm2": {
        "start_ms": {
          "median": 184.904175000014
        },
        "settle_ms": {
          "median": 171.70016900001883
        },
        "list_ms": {
          "median": 132.51608699999906
        },
        "daemon_rss_kb": {
          "median": 67288.0
        }
      }
    },
    "25": {
      "oxmgr": {
        "start_ms": {
          "median": 159.19646199998283
        },
        "settle_ms": {
          "median": 0.5584920000103466
        },
        "list_ms": {
          "median": 7.291124999994736
        },
        "daemon_rss_kb": {
          "median": 7064.0
        }
      },
      "pm2": {
        "start_ms": {
          "median": 1443.0891680000002
        },
        "settle_ms": {
          "median": 233.0153560000099
        },
        "list_ms": {
          "median": 192.38197700002502
        },
        "daemon_rss_kb": {
          "median": 118592.0
        }
      }
    },
    "100": {
      "oxmgr": {
        "start_ms": {
          "median": 807.2547820000011
        },
        "settle_ms": {
          "median": 1.783482999996977
        },
        "list_ms": {
          "median": 5.654202000016539
        },
        "daemon_rss_kb": {
          "median": 7888.0
        }
      },
      "pm2": {
        "start_ms": {
          "median": 5818.319901999985
        },
        "settle_ms": {
          "median": 369.369316000018
        },
        "list_ms": {
          "median": 313.6789510000142
        },
        "daemon_rss_kb": {
          "median": 161064.0
        }
      }
    }
  },
  "single_app_lifecycle": {
    "restart_command_ms": {
      "oxmgr": {
        "median": 205.63185599999656,
        "p95": 206.71562079999717
      },
      "pm2": {
        "median": 272.40212199995995,
        "p95": 300.26996279999594
      }
    },
    "restart_pid_visible_ms": {
      "oxmgr": {
        "median": 205.95265999997991,
        "p95": 207.12006900001256
      },
      "pm2": {
        "median": 305.9369869999955,
        "p95": 332.4090986000158
      }
    },
    "restart_ready_event_emitted_ms": {
      "oxmgr": {
        "median": 230.40087890625,
        "p95": 232.581982421875
      },
      "pm2": {
        "median": 386.224609375,
        "p95": 402.4126708984375
      }
    },
    "restart_ready_event_visible_ms": {
      "oxmgr": {
        "median": 236.82393000001412,
        "p95": 237.9691477000108
      },
      "pm2": {
        "median": 395.18754799996714,
        "p95": 408.75184470000363
      }
    },
    "restart_tcp_ready_ms": {
      "oxmgr": {
        "median": 238.3589709999967,
        "p95": 239.5449340000141
      },
      "pm2": {
        "median": 396.106642999996,
        "p95": 409.7030393000068
      }
    },
    "crash_pid_visible_ms": {
      "oxmgr": {
        "median": 3.6770410000031006,
        "p95": 3.8309666999850833
      },
      "pm2": {
        "median": 175.81720200001882,
        "p95": 187.97946639997463
      }
    },
    "crash_ready_event_emitted_ms": {
      "oxmgr": {
        "median": 28.04638671875,
        "p95": 29.003369140625
      },
      "pm2": {
        "median": 145.400146484375,
        "p95": 157.05927734374998
      }
    },
    "crash_ready_event_visible_ms": {
      "oxmgr": {
        "median": 34.33994000005214,
        "p95": 34.5350172999872
      },
      "pm2": {
        "median": 175.9220480000181,
        "p95": 188.06345669997313
      }
    },
    "crash_tcp_ready_ms": {
      "oxmgr": {
        "median": 35.88770999999724,
        "p95": 36.0760735000099
      },
      "pm2": {
        "median": 176.9828569999845,
        "p95": 189.08512349997295
      }
    }
  }
}