{
  "metadata": {
    "generated_at_utc": "2026-07-13T08:29:12.880530+00:00",
    "host_platform": "linux (Linux 6.17.0-1018-azure)",
    "node_version": "v20.20.2",
    "pm2_command": "/opt/hostedtoolcache/node/20.20.2/x64/bin/pm2",
    "oxmgr_binary": "/home/runner/work/OxMgr/OxMgr/target/release/oxmgr",
    "process_counts": [
      1,
      25,
      100
    ]
  },
  "empty_daemon_boot": {
    "oxmgr": {
      "boot_ms": {
        "median": 100.77876599999058,
        "p95": 102.12206190000188
      },
      "daemon_rss_kb": {
        "median": 6656.0
      }
    },
    "pm2": {
      "boot_ms": {
        "median": 402.6034169999946,
        "p95": 403.7519619000008
      },
      "daemon_rss_kb": {
        "median": 57664.0
      }
    }
  },
  "scale": {
    "1": {
      "oxmgr": {
        "start_ms": {
          "median": 4.002438000000552
        },
        "settle_ms": {
          "median": 0.1261249999942038
        },
        "list_ms": {
          "median": 2.626663999990342
        },
        "daemon_rss_kb": {
          "median": 7080.0
        }
      },
      "pm2": {
        "start_ms": {
          "median": 192.17868100000146
        },
        "settle_ms": {
          "median": 191.2936450000018
        },
        "list_ms": {
          "median": 138.0681660000107
        },
        "daemon_rss_kb": {
          "median": 66240.0
        }
      }
    },
    "25": {
      "oxmgr": {
        "start_ms": {
          "median": 154.84010599999465
        },
        "settle_ms": {
          "median": 0.6113299999981336
        },
        "list_ms": {
          "median": 7.842439999990347
        },
        "daemon_rss_kb": {
          "median": 7596.0
        }
      },
      "pm2": {
        "start_ms": {
          "median": 1520.272924000011
        },
        "settle_ms": {
          "median": 233.81067700000813
        },
        "list_ms": {
          "median": 207.66916100001254
        },
        "daemon_rss_kb": {
          "median": 119096.0
        }
      }
    },
    "100": {
      "oxmgr": {
        "start_ms": {
          "median": 867.7267510000206
        },
        "settle_ms": {
          "median": 1.7849369999964892
        },
        "list_ms": {
          "median": 6.154127999991488
        },
        "daemon_rss_kb": {
          "median": 10180.0
        }
      },
      "pm2": {
        "start_ms": {
          "median": 6144.272959000005
        },
        "settle_ms": {
          "median": 410.10618600000726
        },
        "list_ms": {
          "median": 333.40226999999345
        },
        "daemon_rss_kb": {
          "median": 162000.0
        }
      }
    }
  },
  "single_app_lifecycle": {
    "restart_command_ms": {
      "oxmgr": {
        "median": 206.3952459999996,
        "p95": 207.0276281000048
      },
      "pm2": {
        "median": 283.66241999998465,
        "p95": 286.6906017999952
      }
    },
    "restart_pid_visible_ms": {
      "oxmgr": {
        "median": 206.59715700000447,
        "p95": 208.00940000001447
      },
      "pm2": {
        "median": 316.4077650000081,
        "p95": 324.0193780000084
      }
    },
    "restart_ready_event_emitted_ms": {
      "oxmgr": {
        "median": 231.948486328125,
        "p95": 232.5458251953125
      },
      "pm2": {
        "median": 395.658203125,
        "p95": 406.2650390625
      }
    },
    "restart_ready_event_visible_ms": {
      "oxmgr": {
        "median": 237.60859000000778,
        "p95": 239.04231560001676
      },
      "pm2": {
        "median": 405.17325899998013,
        "p95": 412.28661819999957
      }
    },
    "restart_tcp_ready_ms": {
      "oxmgr": {
        "median": 239.3928970000161,
        "p95": 240.80624590000923
      },
      "pm2": {
        "median": 406.32210100000066,
        "p95": 413.3828847000075
      }
    },
    "crash_pid_visible_ms": {
      "oxmgr": {
        "median": 3.2999630000176694,
        "p95": 3.429959900006452
      },
      "pm2": {
        "median": 189.5293430000038,
        "p95": 198.8057256000218
      }
    },
    "crash_ready_event_emitted_ms": {
      "oxmgr": {
        "median": 27.345458984375,
        "p95": 28.6112548828125
      },
      "pm2": {
        "median": 151.722900390625,
        "p95": 165.143359375
      }
    },
    "crash_ready_event_visible_ms": {
      "oxmgr": {
        "median": 34.354173999986415,
        "p95": 34.52107859996545
      },
      "pm2": {
        "median": 189.64132199999995,
        "p95": 198.9027085999851
      }
    },
    "crash_tcp_ready_ms": {
      "oxmgr": {
        "median": 36.03535000002012,
        "p95": 36.21843749997424
      },
      "pm2": {
        "median": 190.73398000000452,
        "p95": 200.01390949999518
      }
    }
  }
}