{
  "metadata": {
    "generated_at_utc": "2026-04-13T07:24:24.684584+00:00",
    "host_platform": "linux (Linux 6.17.0-1010-azure)",
    "node_version": "v20.20.2",
    "pm2_command": "/opt/hostedtoolcache/node/20.20.2/x64/bin/pm2",
    "oxmgr_binary": "/home/runner/work/OxMgr/OxMgr/target/release/oxmgr",
    "process_counts": [
      1,
      25,
      100
    ]
  },
  "empty_daemon_boot": {
    "oxmgr": {
      "boot_ms": {
        "median": 100.82522000001859,
        "p95": 102.38600989997906
      },
      "daemon_rss_kb": {
        "median": 6620.0
      }
    },
    "pm2": {
      "boot_ms": {
        "median": 397.76664100000403,
        "p95": 399.6765255999918
      },
      "daemon_rss_kb": {
        "median": 57624.0
      }
    }
  },
  "scale": {
    "1": {
      "oxmgr": {
        "start_ms": {
          "median": 4.205065000007835
        },
        "settle_ms": {
          "median": 0.13808700001050056
        },
        "list_ms": {
          "median": 2.6496919999772217
        },
        "daemon_rss_kb": {
          "median": 6900.0
        }
      },
      "pm2": {
        "start_ms": {
          "median": 196.35866600000895
        },
        "settle_ms": {
          "median": 190.66999200001078
        },
        "list_ms": {
          "median": 138.0586820000076
        },
        "daemon_rss_kb": {
          "median": 66572.0
        }
      }
    },
    "25": {
      "oxmgr": {
        "start_ms": {
          "median": 158.73802299998374
        },
        "settle_ms": {
          "median": 0.6354530000010072
        },
        "list_ms": {
          "median": 5.612847000008969
        },
        "daemon_rss_kb": {
          "median": 7084.0
        }
      },
      "pm2": {
        "start_ms": {
          "median": 1537.9484789999935
        },
        "settle_ms": {
          "median": 248.20824899998684
        },
        "list_ms": {
          "median": 197.39564000002474
        },
        "daemon_rss_kb": {
          "median": 117244.0
        }
      }
    },
    "100": {
      "oxmgr": {
        "start_ms": {
          "median": 855.1606919999983
        },
        "settle_ms": {
          "median": 1.7791679999845655
        },
        "list_ms": {
          "median": 4.761062000000038
        },
        "daemon_rss_kb": {
          "median": 7836.0
        }
      },
      "pm2": {
        "start_ms": {
          "median": 6111.943893000017
        },
        "settle_ms": {
          "median": 390.03108800000064
        },
        "list_ms": {
          "median": 334.88141600000176
        },
        "daemon_rss_kb": {
          "median": 161740.0
        }
      }
    }
  },
  "single_app_lifecycle": {
    "restart_command_ms": {
      "oxmgr": {
        "median": 206.11000600001717,
        "p95": 206.42828429996598
      },
      "pm2": {
        "median": 278.6437169999658,
        "p95": 281.7170092999959
      }
    },
    "restart_pid_visible_ms": {
      "oxmgr": {
        "median": 206.52675600001658,
        "p95": 206.93987499998912
      },
      "pm2": {
        "median": 313.04316099999596,
        "p95": 320.912243500004
      }
    },
    "restart_ready_event_emitted_ms": {
      "oxmgr": {
        "median": 231.034912109375,
        "p95": 231.8505126953125
      },
      "pm2": {
        "median": 392.618896484375,
        "p95": 402.742529296875
      }
    },
    "restart_ready_event_visible_ms": {
      "oxmgr": {
        "median": 237.68217899998945,
        "p95": 237.79592089999824
      },
      "pm2": {
        "median": 397.02775299997484,
        "p95": 408.2321365000098
      }
    },
    "restart_tcp_ready_ms": {
      "oxmgr": {
        "median": 239.26578300000756,
        "p95": 239.40964799999733
      },
      "pm2": {
        "median": 398.2148049999523,
        "p95": 409.2948791999959
      }
    },
    "crash_pid_visible_ms": {
      "oxmgr": {
        "median": 3.957458000002134,
        "p95": 12.877026500007098
      },
      "pm2": {
        "median": 184.534541000005,
        "p95": 199.54143890001887
      }
    },
    "crash_ready_event_emitted_ms": {
      "oxmgr": {
        "median": 28.847900390625,
        "p95": 30.197436523437503
      },
      "pm2": {
        "median": 150.85693359375,
        "p95": 163.564794921875
      }
    },
    "crash_ready_event_visible_ms": {
      "oxmgr": {
        "median": 35.07993499999884,
        "p95": 36.675480000008065
      },
      "pm2": {
        "median": 184.64795299996695,
        "p95": 199.63552689999915
      }
    },
    "crash_tcp_ready_ms": {
      "oxmgr": {
        "median": 36.81129199998168,
        "p95": 38.29881680001108
      },
      "pm2": {
        "median": 185.75599799999054,
        "p95": 200.76452500001096
      }
    }
  }
}