{
  "metadata": {
    "generated_at_utc": "2026-07-06T09:12:37.682967+00:00",
    "host_platform": "linux (Linux 6.17.0-1018-azure)",
    "node_version": "v20.20.2",
    "pm2_command": "/opt/hostedtoolcache/node/20.20.2/x64/bin/pm2",
    "oxmgr_binary": "/home/runner/work/OxMgr/OxMgr/target/release/oxmgr",
    "process_counts": [
      1,
      25,
      100
    ]
  },
  "empty_daemon_boot": {
    "oxmgr": {
      "boot_ms": {
        "median": 100.74749700000041,
        "p95": 101.93886750000729
      },
      "daemon_rss_kb": {
        "median": 6612.0
      }
    },
    "pm2": {
      "boot_ms": {
        "median": 393.40953500000353,
        "p95": 395.6599301000054
      },
      "daemon_rss_kb": {
        "median": 57668.0
      }
    }
  },
  "scale": {
    "1": {
      "oxmgr": {
        "start_ms": {
          "median": 3.893682999986936
        },
        "settle_ms": {
          "median": 0.11000500001046021
        },
        "list_ms": {
          "median": 2.612425000009466
        },
        "daemon_rss_kb": {
          "median": 7088.0
        }
      },
      "pm2": {
        "start_ms": {
          "median": 188.6178750000056
        },
        "settle_ms": {
          "median": 188.59798199999034
        },
        "list_ms": {
          "median": 135.72627300000306
        },
        "daemon_rss_kb": {
          "median": 66292.0
        }
      }
    },
    "25": {
      "oxmgr": {
        "start_ms": {
          "median": 148.83291499998563
        },
        "settle_ms": {
          "median": 0.5934480000178155
        },
        "list_ms": {
          "median": 7.161883999998508
        },
        "daemon_rss_kb": {
          "median": 7660.0
        }
      },
      "pm2": {
        "start_ms": {
          "median": 1487.0457099999896
        },
        "settle_ms": {
          "median": 232.61000899998407
        },
        "list_ms": {
          "median": 205.60021300002518
        },
        "daemon_rss_kb": {
          "median": 117088.0
        }
      }
    },
    "100": {
      "oxmgr": {
        "start_ms": {
          "median": 818.7214410000081
        },
        "settle_ms": {
          "median": 1.7425059999993664
        },
        "list_ms": {
          "median": 4.664289999993798
        },
        "daemon_rss_kb": {
          "median": 9920.0
        }
      },
      "pm2": {
        "start_ms": {
          "median": 5938.243695000011
        },
        "settle_ms": {
          "median": 419.4732529999783
        },
        "list_ms": {
          "median": 336.7938279999976
        },
        "daemon_rss_kb": {
          "median": 166088.0
        }
      }
    }
  },
  "single_app_lifecycle": {
    "restart_command_ms": {
      "oxmgr": {
        "median": 206.36077700001465,
        "p95": 206.72999070001765
      },
      "pm2": {
        "median": 277.6037969999834,
        "p95": 281.49930280000603
      }
    },
    "restart_pid_visible_ms": {
      "oxmgr": {
        "median": 207.0568180000123,
        "p95": 207.39875440000048
      },
      "pm2": {
        "median": 308.90866600000777,
        "p95": 315.43699569998864
      }
    },
    "restart_ready_event_emitted_ms": {
      "oxmgr": {
        "median": 230.404296875,
        "p95": 231.851611328125
      },
      "pm2": {
        "median": 388.69921875,
        "p95": 404.345458984375
      }
    },
    "restart_ready_event_visible_ms": {
      "oxmgr": {
        "median": 237.91807399999243,
        "p95": 238.19180349999556
      },
      "pm2": {
        "median": 394.35376999998084,
        "p95": 414.21112029998994
      }
    },
    "restart_tcp_ready_ms": {
      "oxmgr": {
        "median": 239.42637100000752,
        "p95": 239.72368219998827
      },
      "pm2": {
        "median": 395.4368029999955,
        "p95": 415.3120810999951
      }
    },
    "crash_pid_visible_ms": {
      "oxmgr": {
        "median": 3.134783999996671,
        "p95": 3.3173477999980605
      },
      "pm2": {
        "median": 181.57731999997395,
        "p95": 189.56859889997304
      }
    },
    "crash_ready_event_emitted_ms": {
      "oxmgr": {
        "median": 27.29052734375,
        "p95": 28.257739257812503
      },
      "pm2": {
        "median": 151.600830078125,
        "p95": 156.964453125
      }
    },
    "crash_ready_event_visible_ms": {
      "oxmgr": {
        "median": 33.94550600000912,
        "p95": 34.19798510000476
      },
      "pm2": {
        "median": 181.6754230000015,
        "p95": 189.66487159999588
      }
    },
    "crash_tcp_ready_ms": {
      "oxmgr": {
        "median": 35.47566299999971,
        "p95": 35.79694150000705
      },
      "pm2": {
        "median": 182.74414899997282,
        "p95": 190.8196877999785
      }
    }
  }
}