{
  "metadata": {
    "generated_at_utc": "2026-06-29T10:01:11.524961+00:00",
    "host_platform": "linux (Linux 6.17.0-1018-azure)",
    "node_version": "v20.20.2",
    "pm2_command": "/opt/hostedtoolcache/node/20.20.2/x64/bin/pm2",
    "oxmgr_binary": "/home/runner/work/OxMgr/OxMgr/target/release/oxmgr",
    "process_counts": [
      1,
      25,
      100
    ]
  },
  "empty_daemon_boot": {
    "oxmgr": {
      "boot_ms": {
        "median": 100.68361700007245,
        "p95": 101.88629959998252
      },
      "daemon_rss_kb": {
        "median": 6756.0
      }
    },
    "pm2": {
      "boot_ms": {
        "median": 384.9833959999387,
        "p95": 385.6616899999267
      },
      "daemon_rss_kb": {
        "median": 57464.0
      }
    }
  },
  "scale": {
    "1": {
      "oxmgr": {
        "start_ms": {
          "median": 3.5401469999669644
        },
        "settle_ms": {
          "median": 0.12139700004354381
        },
        "list_ms": {
          "median": 2.4680039999793735
        },
        "daemon_rss_kb": {
          "median": 7108.0
        }
      },
      "pm2": {
        "start_ms": {
          "median": 180.6572010000309
        },
        "settle_ms": {
          "median": 183.97574600010103
        },
        "list_ms": {
          "median": 132.3734569999715
        },
        "daemon_rss_kb": {
          "median": 65688.0
        }
      }
    },
    "25": {
      "oxmgr": {
        "start_ms": {
          "median": 155.70227000000614
        },
        "settle_ms": {
          "median": 0.5637340000248514
        },
        "list_ms": {
          "median": 8.182849999911923
        },
        "daemon_rss_kb": {
          "median": 7652.0
        }
      },
      "pm2": {
        "start_ms": {
          "median": 1451.9637939999939
        },
        "settle_ms": {
          "median": 226.83043500001077
        },
        "list_ms": {
          "median": 193.57052899999871
        },
        "daemon_rss_kb": {
          "median": 116828.0
        }
      }
    },
    "100": {
      "oxmgr": {
        "start_ms": {
          "median": 811.7441730000792
        },
        "settle_ms": {
          "median": 1.7727370000102383
        },
        "list_ms": {
          "median": 4.654019000099652
        },
        "daemon_rss_kb": {
          "median": 10020.0
        }
      },
      "pm2": {
        "start_ms": {
          "median": 5852.32906300007
        },
        "settle_ms": {
          "median": 403.48265900001934
        },
        "list_ms": {
          "median": 317.60514600000533
        },
        "daemon_rss_kb": {
          "median": 159428.0
        }
      }
    }
  },
  "single_app_lifecycle": {
    "restart_command_ms": {
      "oxmgr": {
        "median": 206.01670200005628,
        "p95": 207.94469210002262
      },
      "pm2": {
        "median": 274.1820499999221,
        "p95": 279.1072761000123
      }
    },
    "restart_pid_visible_ms": {
      "oxmgr": {
        "median": 206.1023890000797,
        "p95": 208.2458874999702
      },
      "pm2": {
        "median": 302.76479399992695,
        "p95": 310.9425796000437
      }
    },
    "restart_ready_event_emitted_ms": {
      "oxmgr": {
        "median": 229.607177734375,
        "p95": 231.4881591796875
      },
      "pm2": {
        "median": 388.297119140625,
        "p95": 395.97065429687495
      }
    },
    "restart_ready_event_visible_ms": {
      "oxmgr": {
        "median": 237.1141590000434,
        "p95": 239.0535111999725
      },
      "pm2": {
        "median": 394.5524249999153,
        "p95": 403.7575254000103
      }
    },
    "restart_tcp_ready_ms": {
      "oxmgr": {
        "median": 238.69217900005424,
        "p95": 240.5738807999569
      },
      "pm2": {
        "median": 391.28240200000164,
        "p95": 403.1072406000021
      }
    },
    "crash_pid_visible_ms": {
      "oxmgr": {
        "median": 2.8720490000750942,
        "p95": 3.2693527000560607
      },
      "pm2": {
        "median": 175.5708800000093,
        "p95": 187.6202291000368
      }
    },
    "crash_ready_event_emitted_ms": {
      "oxmgr": {
        "median": 26.81982421875,
        "p95": 27.6622314453125
      },
      "pm2": {
        "median": 151.07763671875,
        "p95": 155.941796875
      }
    },
    "crash_ready_event_visible_ms": {
      "oxmgr": {
        "median": 33.59821499998361,
        "p95": 33.956422400046904
      },
      "pm2": {
        "median": 175.67862099997456,
        "p95": 187.71813600001224
      }
    },
    "crash_tcp_ready_ms": {
      "oxmgr": {
        "median": 35.10396100000435,
        "p95": 35.505767700044544
      },
      "pm2": {
        "median": 176.6658770000049,
        "p95": 188.76960350006584
      }
    }
  }
}