{
  "metadata": {
    "generated_at_utc": "2026-07-20T08:19:55.415362+00:00",
    "host_platform": "linux (Linux 6.17.0-1020-azure)",
    "node_version": "v20.20.2",
    "pm2_command": "/opt/hostedtoolcache/node/20.20.2/x64/bin/pm2",
    "oxmgr_binary": "/home/runner/work/OxMgr/OxMgr/target/release/oxmgr",
    "process_counts": [
      1,
      25,
      100
    ]
  },
  "empty_daemon_boot": {
    "oxmgr": {
      "boot_ms": {
        "median": 100.75561600000071,
        "p95": 101.90587809999556
      },
      "daemon_rss_kb": {
        "median": 6456.0
      }
    },
    "pm2": {
      "boot_ms": {
        "median": 399.5594980000021,
        "p95": 400.24051810000145
      },
      "daemon_rss_kb": {
        "median": 57380.0
      }
    }
  },
  "scale": {
    "1": {
      "oxmgr": {
        "start_ms": {
          "median": 4.0288510000152655
        },
        "settle_ms": {
          "median": 0.11015600000519044
        },
        "list_ms": {
          "median": 2.583819999983916
        },
        "daemon_rss_kb": {
          "median": 7032.0
        }
      },
      "pm2": {
        "start_ms": {
          "median": 191.88064100001156
        },
        "settle_ms": {
          "median": 184.91825499998527
        },
        "list_ms": {
          "median": 136.657036999992
        },
        "daemon_rss_kb": {
          "median": 65968.0
        }
      }
    },
    "25": {
      "oxmgr": {
        "start_ms": {
          "median": 164.41327199999023
        },
        "settle_ms": {
          "median": 0.5974849999859089
        },
        "list_ms": {
          "median": 5.937986999981604
        },
        "daemon_rss_kb": {
          "median": 7752.0
        }
      },
      "pm2": {
        "start_ms": {
          "median": 1525.377591999984
        },
        "settle_ms": {
          "median": 226.2574000000086
        },
        "list_ms": {
          "median": 199.96223399999735
        },
        "daemon_rss_kb": {
          "median": 117984.0
        }
      }
    },
    "100": {
      "oxmgr": {
        "start_ms": {
          "median": 821.4139699999805
        },
        "settle_ms": {
          "median": 1.7912440000031893
        },
        "list_ms": {
          "median": 4.512503000000834
        },
        "daemon_rss_kb": {
          "median": 10196.0
        }
      },
      "pm2": {
        "start_ms": {
          "median": 6108.119168999991
        },
        "settle_ms": {
          "median": 402.6673009999797
        },
        "list_ms": {
          "median": 333.6076189999915
        },
        "daemon_rss_kb": {
          "median": 164764.0
        }
      }
    }
  },
  "single_app_lifecycle": {
    "restart_command_ms": {
      "oxmgr": {
        "median": 206.48059800001306,
        "p95": 208.15928719999874
      },
      "pm2": {
        "median": 282.0020599999964,
        "p95": 284.954078699991
      }
    },
    "restart_pid_visible_ms": {
      "oxmgr": {
        "median": 206.55289000001176,
        "p95": 208.29425650000815
      },
      "pm2": {
        "median": 313.62265300001013,
        "p95": 323.33478380000713
      }
    },
    "restart_ready_event_emitted_ms": {
      "oxmgr": {
        "median": 230.48095703125,
        "p95": 231.6611328125
      },
      "pm2": {
        "median": 396.61328125,
        "p95": 406.18950195312505
      }
    },
    "restart_ready_event_visible_ms": {
      "oxmgr": {
        "median": 237.74983399999883,
        "p95": 239.24451310001587
      },
      "pm2": {
        "median": 402.6795929999878,
        "p95": 408.4227767000044
      }
    },
    "restart_tcp_ready_ms": {
      "oxmgr": {
        "median": 239.35916400000679,
        "p95": 240.82694690001176
      },
      "pm2": {
        "median": 403.88109699998154,
        "p95": 409.4400628999949
      }
    },
    "crash_pid_visible_ms": {
      "oxmgr": {
        "median": 3.2166679999932057,
        "p95": 3.8252726999530746
      },
      "pm2": {
        "median": 180.40186199999653,
        "p95": 184.20025550001924
      }
    },
    "crash_ready_event_emitted_ms": {
      "oxmgr": {
        "median": 27.2646484375,
        "p95": 28.830126953125
      },
      "pm2": {
        "median": 155.033447265625,
        "p95": 168.449267578125
      }
    },
    "crash_ready_event_visible_ms": {
      "oxmgr": {
        "median": 33.96720500001038,
        "p95": 34.61807759998692
      },
      "pm2": {
        "median": 180.493212999977,
        "p95": 184.292532000012
      }
    },
    "crash_tcp_ready_ms": {
      "oxmgr": {
        "median": 35.48397899999145,
        "p95": 36.205405499987364
      },
      "pm2": {
        "median": 181.54862399995864,
        "p95": 185.3470125000115
      }
    }
  }
}