{
  "metadata": {
    "generated_at_utc": "2026-04-20T07:26:00.894747+00:00",
    "host_platform": "linux (Linux 6.17.0-1010-azure)",
    "node_version": "v20.20.2",
    "pm2_command": "/opt/hostedtoolcache/node/20.20.2/x64/bin/pm2",
    "oxmgr_binary": "/home/runner/work/OxMgr/OxMgr/target/release/oxmgr",
    "process_counts": [
      1,
      25,
      100
    ]
  },
  "empty_daemon_boot": {
    "oxmgr": {
      "boot_ms": {
        "median": 100.72022600000707,
        "p95": 101.88270020000516
      },
      "daemon_rss_kb": {
        "median": 6528.0
      }
    },
    "pm2": {
      "boot_ms": {
        "median": 387.86969599999566,
        "p95": 397.70796499999364
      },
      "daemon_rss_kb": {
        "median": 57448.0
      }
    }
  },
  "scale": {
    "1": {
      "oxmgr": {
        "start_ms": {
          "median": 3.855594000000906
        },
        "settle_ms": {
          "median": 0.12868000000310076
        },
        "list_ms": {
          "median": 2.534777999997573
        },
        "daemon_rss_kb": {
          "median": 6752.0
        }
      },
      "pm2": {
        "start_ms": {
          "median": 188.48399200000188
        },
        "settle_ms": {
          "median": 189.14613500000144
        },
        "list_ms": {
          "median": 134.04871999999557
        },
        "daemon_rss_kb": {
          "median": 67532.0
        }
      }
    },
    "25": {
      "oxmgr": {
        "start_ms": {
          "median": 158.2029900000066
        },
        "settle_ms": {
          "median": 0.5919040000037512
        },
        "list_ms": {
          "median": 5.6380060000265075
        },
        "daemon_rss_kb": {
          "median": 6872.0
        }
      },
      "pm2": {
        "start_ms": {
          "median": 1478.9165900000114
        },
        "settle_ms": {
          "median": 226.05233100000532
        },
        "list_ms": {
          "median": 201.922245999981
        },
        "daemon_rss_kb": {
          "median": 118624.0
        }
      }
    },
    "100": {
      "oxmgr": {
        "start_ms": {
          "median": 811.824884999993
        },
        "settle_ms": {
          "median": 1.8708090000245647
        },
        "list_ms": {
          "median": 3.9214539999932185
        },
        "daemon_rss_kb": {
          "median": 7940.0
        }
      },
      "pm2": {
        "start_ms": {
          "median": 5914.153586999987
        },
        "settle_ms": {
          "median": 399.7447239999872
        },
        "list_ms": {
          "median": 326.4892039999836
        },
        "daemon_rss_kb": {
          "median": 158044.0
        }
      }
    }
  },
  "single_app_lifecycle": {
    "restart_command_ms": {
      "oxmgr": {
        "median": 205.90863999998987,
        "p95": 206.37252220001017
      },
      "pm2": {
        "median": 273.52928499999507,
        "p95": 281.77890399999797
      }
    },
    "restart_pid_visible_ms": {
      "oxmgr": {
        "median": 206.0982650000085,
        "p95": 206.72205359999225
      },
      "pm2": {
        "median": 300.9290749999991,
        "p95": 308.9434128000164
      }
    },
    "restart_ready_event_emitted_ms": {
      "oxmgr": {
        "median": 231.428466796875,
        "p95": 232.234228515625
      },
      "pm2": {
        "median": 385.22314453125,
        "p95": 394.535400390625
      }
    },
    "restart_ready_event_visible_ms": {
      "oxmgr": {
        "median": 236.96101499999145,
        "p95": 237.46480970001187
      },
      "pm2": {
        "median": 390.448235000008,
        "p95": 401.6992416000022
      }
    },
    "restart_tcp_ready_ms": {
      "oxmgr": {
        "median": 238.52187700001082,
        "p95": 238.99833749999289
      },
      "pm2": {
        "median": 391.5150040000128,
        "p95": 402.71981449999714
      }
    },
    "crash_pid_visible_ms": {
      "oxmgr": {
        "median": 3.702170999986265,
        "p95": 4.063050699986093
      },
      "pm2": {
        "median": 176.74705199999607,
        "p95": 193.3181527999949
      }
    },
    "crash_ready_event_emitted_ms": {
      "oxmgr": {
        "median": 27.8134765625,
        "p95": 31.0324462890625
      },
      "pm2": {
        "median": 150.56884765625,
        "p95": 170.97294921875
      }
    },
    "crash_ready_event_visible_ms": {
      "oxmgr": {
        "median": 34.43872099998657,
        "p95": 34.75368319998893
      },
      "pm2": {
        "median": 176.84781999997767,
        "p95": 193.40134159999138
      }
    },
    "crash_tcp_ready_ms": {
      "oxmgr": {
        "median": 36.00653300000545,
        "p95": 36.30672839999818
      },
      "pm2": {
        "median": 177.9206709999812,
        "p95": 194.40745510000568
      }
    }
  }
}