{
  "metadata": {
    "generated_at_utc": "2026-05-11T08:39:01.024669+00:00",
    "host_platform": "linux (Linux 6.17.0-1010-azure)",
    "node_version": "v20.20.2",
    "pm2_command": "/opt/hostedtoolcache/node/20.20.2/x64/bin/pm2",
    "oxmgr_binary": "/home/runner/work/OxMgr/OxMgr/target/release/oxmgr",
    "process_counts": [
      1,
      25,
      100
    ]
  },
  "empty_daemon_boot": {
    "oxmgr": {
      "boot_ms": {
        "median": 100.7528769999908,
        "p95": 101.90030589999424
      },
      "daemon_rss_kb": {
        "median": 6668.0
      }
    },
    "pm2": {
      "boot_ms": {
        "median": 390.6537530000378,
        "p95": 398.1511552999791
      },
      "daemon_rss_kb": {
        "median": 57260.0
      }
    }
  },
  "scale": {
    "1": {
      "oxmgr": {
        "start_ms": {
          "median": 3.7718570000606633
        },
        "settle_ms": {
          "median": 0.11614599998210906
        },
        "list_ms": {
          "median": 2.5145330000668764
        },
        "daemon_rss_kb": {
          "median": 6888.0
        }
      },
      "pm2": {
        "start_ms": {
          "median": 193.3141589998968
        },
        "settle_ms": {
          "median": 191.27687299999252
        },
        "list_ms": {
          "median": 132.18884399998387
        },
        "daemon_rss_kb": {
          "median": 67148.0
        }
      }
    },
    "25": {
      "oxmgr": {
        "start_ms": {
          "median": 158.34294900002988
        },
        "settle_ms": {
          "median": 0.5901210000729407
        },
        "list_ms": {
          "median": 4.749640999989424
        },
        "daemon_rss_kb": {
          "median": 7588.0
        }
      },
      "pm2": {
        "start_ms": {
          "median": 1526.4501520000522
        },
        "settle_ms": {
          "median": 236.38625700004923
        },
        "list_ms": {
          "median": 204.05140299999402
        },
        "daemon_rss_kb": {
          "median": 117840.0
        }
      }
    },
    "100": {
      "oxmgr": {
        "start_ms": {
          "median": 815.3233110000428
        },
        "settle_ms": {
          "median": 1.7796610000004875
        },
        "list_ms": {
          "median": 6.0576129999390105
        },
        "daemon_rss_kb": {
          "median": 9764.0
        }
      },
      "pm2": {
        "start_ms": {
          "median": 5989.10114399996
        },
        "settle_ms": {
          "median": 398.48119900000256
        },
        "list_ms": {
          "median": 323.6966140000277
        },
        "daemon_rss_kb": {
          "median": 163964.0
        }
      }
    }
  },
  "single_app_lifecycle": {
    "restart_command_ms": {
      "oxmgr": {
        "median": 205.9545839999828,
        "p95": 206.88305840000112
      },
      "pm2": {
        "median": 276.67848900000536,
        "p95": 279.34125919999815
      }
    },
    "restart_pid_visible_ms": {
      "oxmgr": {
        "median": 206.3257730000032,
        "p95": 207.18731910000088
      },
      "pm2": {
        "median": 306.6451949999873,
        "p95": 310.1144019999879
      }
    },
    "restart_ready_event_emitted_ms": {
      "oxmgr": {
        "median": 230.8173828125,
        "p95": 231.783740234375
      },
      "pm2": {
        "median": 392.15625,
        "p95": 398.457275390625
      }
    },
    "restart_ready_event_visible_ms": {
      "oxmgr": {
        "median": 237.5217490000523,
        "p95": 238.04886719998422
      },
      "pm2": {
        "median": 400.1401309999437,
        "p95": 406.58733679998704
      }
    },
    "restart_tcp_ready_ms": {
      "oxmgr": {
        "median": 239.12365800003954,
        "p95": 239.59934919998886
      },
      "pm2": {
        "median": 401.2279909999279,
        "p95": 407.62540590002345
      }
    },
    "crash_pid_visible_ms": {
      "oxmgr": {
        "median": 3.9334589999953096,
        "p95": 3.982612899983451
      },
      "pm2": {
        "median": 179.80184600003213,
        "p95": 185.83685990001868
      }
    },
    "crash_ready_event_emitted_ms": {
      "oxmgr": {
        "median": 29.460693359375,
        "p95": 30.084912109375
      },
      "pm2": {
        "median": 154.235595703125,
        "p95": 171.8177734375
      }
    },
    "crash_ready_event_visible_ms": {
      "oxmgr": {
        "median": 34.77295799996227,
        "p95": 34.792811699935555
      },
      "pm2": {
        "median": 179.92473500009964,
        "p95": 185.93634020003265
      }
    },
    "crash_tcp_ready_ms": {
      "oxmgr": {
        "median": 36.367709999922226,
        "p95": 36.39946340003917
      },
      "pm2": {
        "median": 180.93823600008818,
        "p95": 187.05639749999818
      }
    }
  }
}