{
  "metadata": {
    "generated_at_utc": "2026-06-15T11:24:59.898529+00:00",
    "host_platform": "linux (Linux 6.17.0-1018-azure)",
    "node_version": "v20.20.2",
    "pm2_command": "/opt/hostedtoolcache/node/20.20.2/x64/bin/pm2",
    "oxmgr_binary": "/home/runner/work/OxMgr/OxMgr/target/release/oxmgr",
    "process_counts": [
      1,
      25,
      100
    ]
  },
  "empty_daemon_boot": {
    "oxmgr": {
      "boot_ms": {
        "median": 100.57645700001672,
        "p95": 101.73575959999539
      },
      "daemon_rss_kb": {
        "median": 6596.0
      }
    },
    "pm2": {
      "boot_ms": {
        "median": 372.9313599999955,
        "p95": 377.3208004000139
      },
      "daemon_rss_kb": {
        "median": 57512.0
      }
    }
  },
  "scale": {
    "1": {
      "oxmgr": {
        "start_ms": {
          "median": 3.5022650000087197
        },
        "settle_ms": {
          "median": 0.10220100000424281
        },
        "list_ms": {
          "median": 2.4363260000086484
        },
        "daemon_rss_kb": {
          "median": 7056.0
        }
      },
      "pm2": {
        "start_ms": {
          "median": 179.83114500000852
        },
        "settle_ms": {
          "median": 169.9696759999938
        },
        "list_ms": {
          "median": 123.70669800000655
        },
        "daemon_rss_kb": {
          "median": 66316.0
        }
      }
    },
    "25": {
      "oxmgr": {
        "start_ms": {
          "median": 152.74124300000835
        },
        "settle_ms": {
          "median": 0.5649139999945874
        },
        "list_ms": {
          "median": 5.670593999980156
        },
        "daemon_rss_kb": {
          "median": 7628.0
        }
      },
      "pm2": {
        "start_ms": {
          "median": 1437.8361910000024
        },
        "settle_ms": {
          "median": 222.49605100000736
        },
        "list_ms": {
          "median": 188.62594799998078
        },
        "daemon_rss_kb": {
          "median": 116788.0
        }
      }
    },
    "100": {
      "oxmgr": {
        "start_ms": {
          "median": 801.1324050000042
        },
        "settle_ms": {
          "median": 1.7805930000065473
        },
        "list_ms": {
          "median": 4.541254999992361
        },
        "daemon_rss_kb": {
          "median": 10116.0
        }
      },
      "pm2": {
        "start_ms": {
          "median": 6090.07144100002
        },
        "settle_ms": {
          "median": 409.6027809999896
        },
        "list_ms": {
          "median": 331.8711449999796
        },
        "daemon_rss_kb": {
          "median": 161692.0
        }
      }
    }
  },
  "single_app_lifecycle": {
    "restart_command_ms": {
      "oxmgr": {
        "median": 206.976103000045,
        "p95": 210.74866460000408
      },
      "pm2": {
        "median": 276.4335300000198,
        "p95": 281.5500873000133
      }
    },
    "restart_pid_visible_ms": {
      "oxmgr": {
        "median": 208.34044299999732,
        "p95": 211.29477719999272
      },
      "pm2": {
        "median": 305.5032640000377,
        "p95": 312.8168232000121
      }
    },
    "restart_ready_event_emitted_ms": {
      "oxmgr": {
        "median": 231.394775390625,
        "p95": 235.20468750000003
      },
      "pm2": {
        "median": 392.894775390625,
        "p95": 401.154150390625
      }
    },
    "restart_ready_event_visible_ms": {
      "oxmgr": {
        "median": 239.74821400003066,
        "p95": 242.38344000000325
      },
      "pm2": {
        "median": 398.9641800000072,
        "p95": 405.54060130001517
      }
    },
    "restart_tcp_ready_ms": {
      "oxmgr": {
        "median": 241.44853900003227,
        "p95": 244.18736049999552
      },
      "pm2": {
        "median": 399.9557210000262,
        "p95": 407.73675500000195
      }
    },
    "crash_pid_visible_ms": {
      "oxmgr": {
        "median": 3.333453999971425,
        "p95": 3.684010700021645
      },
      "pm2": {
        "median": 165.5545269999834,
        "p95": 175.0475947999803
      }
    },
    "crash_ready_event_emitted_ms": {
      "oxmgr": {
        "median": 29.251708984375,
        "p95": 29.9285400390625
      },
      "pm2": {
        "median": 153.676025390625,
        "p95": 165.27338867187498
      }
    },
    "crash_ready_event_visible_ms": {
      "oxmgr": {
        "median": 34.506838000027074,
        "p95": 34.79755090000367
      },
      "pm2": {
        "median": 165.65705800002206,
        "p95": 175.1381497999887
      }
    },
    "crash_tcp_ready_ms": {
      "oxmgr": {
        "median": 36.314053000012336,
        "p95": 36.611691000001656
      },
      "pm2": {
        "median": 166.6290590000017,
        "p95": 176.1563690999992
      }
    }
  }
}