{
  "metadata": {
    "generated_at_utc": "2026-05-18T08:54:53.544969+00:00",
    "host_platform": "linux (Linux 6.17.0-1013-azure)",
    "node_version": "v20.20.2",
    "pm2_command": "/opt/hostedtoolcache/node/20.20.2/x64/bin/pm2",
    "oxmgr_binary": "/home/runner/work/OxMgr/OxMgr/target/release/oxmgr",
    "process_counts": [
      1,
      25,
      100
    ]
  },
  "empty_daemon_boot": {
    "oxmgr": {
      "boot_ms": {
        "median": 100.66871699999069,
        "p95": 101.87625870000545
      },
      "daemon_rss_kb": {
        "median": 6684.0
      }
    },
    "pm2": {
      "boot_ms": {
        "median": 395.9141640000041,
        "p95": 399.1208639999911
      },
      "daemon_rss_kb": {
        "median": 55956.0
      }
    }
  },
  "scale": {
    "1": {
      "oxmgr": {
        "start_ms": {
          "median": 3.5916020000001936
        },
        "settle_ms": {
          "median": 0.10477600000058374
        },
        "list_ms": {
          "median": 2.4484820000054697
        },
        "daemon_rss_kb": {
          "median": 6932.0
        }
      },
      "pm2": {
        "start_ms": {
          "median": 191.55602800000793
        },
        "settle_ms": {
          "median": 188.90964700000268
        },
        "list_ms": {
          "median": 133.2697549999864
        },
        "daemon_rss_kb": {
          "median": 65216.0
        }
      }
    },
    "25": {
      "oxmgr": {
        "start_ms": {
          "median": 165.52160399999138
        },
        "settle_ms": {
          "median": 0.5739099999857444
        },
        "list_ms": {
          "median": 6.34207400000264
        },
        "daemon_rss_kb": {
          "median": 7708.0
        }
      },
      "pm2": {
        "start_ms": {
          "median": 1495.0880819999952
        },
        "settle_ms": {
          "median": 255.55870599998798
        },
        "list_ms": {
          "median": 204.61313799998493
        },
        "daemon_rss_kb": {
          "median": 117084.0
        }
      }
    },
    "100": {
      "oxmgr": {
        "start_ms": {
          "median": 850.5764930000055
        },
        "settle_ms": {
          "median": 1.860747999984369
        },
        "list_ms": {
          "median": 3.9824030000090715
        },
        "daemon_rss_kb": {
          "median": 9784.0
        }
      },
      "pm2": {
        "start_ms": {
          "median": 5915.805457000033
        },
        "settle_ms": {
          "median": 382.36578900000495
        },
        "list_ms": {
          "median": 335.06651400000464
        },
        "daemon_rss_kb": {
          "median": 169432.0
        }
      }
    }
  },
  "single_app_lifecycle": {
    "restart_command_ms": {
      "oxmgr": {
        "median": 206.4822219999769,
        "p95": 206.6151768000111
      },
      "pm2": {
        "median": 275.40652199996885,
        "p95": 283.02259049999634
      }
    },
    "restart_pid_visible_ms": {
      "oxmgr": {
        "median": 206.8639210000356,
        "p95": 207.08360199997742
      },
      "pm2": {
        "median": 307.58216100002755,
        "p95": 318.2507208000061
      }
    },
    "restart_ready_event_emitted_ms": {
      "oxmgr": {
        "median": 230.8876953125,
        "p95": 232.0148193359375
      },
      "pm2": {
        "median": 387.58251953125,
        "p95": 406.51850585937495
      }
    },
    "restart_ready_event_visible_ms": {
      "oxmgr": {
        "median": 237.66696699999557,
        "p95": 237.87553170000137
      },
      "pm2": {
        "median": 390.20773800001507,
        "p95": 408.93482490002384
      }
    },
    "restart_tcp_ready_ms": {
      "oxmgr": {
        "median": 239.23455099998137,
        "p95": 239.42484499999637
      },
      "pm2": {
        "median": 391.33293600002617,
        "p95": 409.97614809999163
      }
    },
    "crash_pid_visible_ms": {
      "oxmgr": {
        "median": 3.8299060000213103,
        "p95": 12.309432200015628
      },
      "pm2": {
        "median": 173.3635610000306,
        "p95": 186.4843526000186
      }
    },
    "crash_ready_event_emitted_ms": {
      "oxmgr": {
        "median": 28.7666015625,
        "p95": 29.797265624999998
      },
      "pm2": {
        "median": 148.752685546875,
        "p95": 164.3446533203125
      }
    },
    "crash_ready_event_visible_ms": {
      "oxmgr": {
        "median": 34.518875999992815,
        "p95": 35.845498100025
      },
      "pm2": {
        "median": 173.47837500000196,
        "p95": 186.57426279999072
      }
    },
    "crash_tcp_ready_ms": {
      "oxmgr": {
        "median": 36.02698700001383,
        "p95": 37.392959099997825
      },
      "pm2": {
        "median": 174.569057000042,
        "p95": 187.63427349999233
      }
    }
  }
}