{
  "metadata": {
    "generated_at_utc": "2026-05-25T09:08:51.998051+00:00",
    "host_platform": "linux (Linux 6.17.0-1013-azure)",
    "node_version": "v20.20.2",
    "pm2_command": "/opt/hostedtoolcache/node/20.20.2/x64/bin/pm2",
    "oxmgr_binary": "/home/runner/work/OxMgr/OxMgr/target/release/oxmgr",
    "process_counts": [
      1,
      25,
      100
    ]
  },
  "empty_daemon_boot": {
    "oxmgr": {
      "boot_ms": {
        "median": 100.90430599996125,
        "p95": 102.1266337999748
      },
      "daemon_rss_kb": {
        "median": 6668.0
      }
    },
    "pm2": {
      "boot_ms": {
        "median": 397.80569399999877,
        "p95": 404.83535639995694
      },
      "daemon_rss_kb": {
        "median": 57256.0
      }
    }
  },
  "scale": {
    "1": {
      "oxmgr": {
        "start_ms": {
          "median": 4.105457999969531
        },
        "settle_ms": {
          "median": 0.12060799997470895
        },
        "list_ms": {
          "median": 2.537891999963904
        },
        "daemon_rss_kb": {
          "median": 7100.0
        }
      },
      "pm2": {
        "start_ms": {
          "median": 185.1142799999934
        },
        "settle_ms": {
          "median": 178.54279899995618
        },
        "list_ms": {
          "median": 133.1458790000397
        },
        "daemon_rss_kb": {
          "median": 66124.0
        }
      }
    },
    "25": {
      "oxmgr": {
        "start_ms": {
          "median": 170.68457999999964
        },
        "settle_ms": {
          "median": 0.5458449999764525
        },
        "list_ms": {
          "median": 4.563383999993675
        },
        "daemon_rss_kb": {
          "median": 7716.0
        }
      },
      "pm2": {
        "start_ms": {
          "median": 1440.0949899999773
        },
        "settle_ms": {
          "median": 229.76425900003505
        },
        "list_ms": {
          "median": 196.5032889999634
        },
        "daemon_rss_kb": {
          "median": 118404.0
        }
      }
    },
    "100": {
      "oxmgr": {
        "start_ms": {
          "median": 832.1920219999583
        },
        "settle_ms": {
          "median": 1.6051970000034999
        },
        "list_ms": {
          "median": 4.9166599999921345
        },
        "daemon_rss_kb": {
          "median": 10068.0
        }
      },
      "pm2": {
        "start_ms": {
          "median": 5906.325334999963
        },
        "settle_ms": {
          "median": 386.8878399999858
        },
        "list_ms": {
          "median": 318.118907999974
        },
        "daemon_rss_kb": {
          "median": 160196.0
        }
      }
    }
  },
  "single_app_lifecycle": {
    "restart_command_ms": {
      "oxmgr": {
        "median": 205.73789299999135,
        "p95": 206.28918239997915
      },
      "pm2": {
        "median": 273.85329899999533,
        "p95": 284.0471327999808
      }
    },
    "restart_pid_visible_ms": {
      "oxmgr": {
        "median": 206.11542899996493,
        "p95": 206.76120609998065
      },
      "pm2": {
        "median": 300.1426960000231,
        "p95": 306.9842687000289
      }
    },
    "restart_ready_event_emitted_ms": {
      "oxmgr": {
        "median": 231.4873046875,
        "p95": 232.2516357421875
      },
      "pm2": {
        "median": 388.767578125,
        "p95": 393.65791015624995
      }
    },
    "restart_ready_event_visible_ms": {
      "oxmgr": {
        "median": 237.2427669999979,
        "p95": 237.60834160000286
      },
      "pm2": {
        "median": 394.05517599999484,
        "p95": 400.69510270000706
      }
    },
    "restart_tcp_ready_ms": {
      "oxmgr": {
        "median": 238.91221299999188,
        "p95": 239.19607999999926
      },
      "pm2": {
        "median": 394.3558340000095,
        "p95": 400.9050757999887
      }
    },
    "crash_pid_visible_ms": {
      "oxmgr": {
        "median": 3.4604969999918467,
        "p95": 3.5155947999953696
      },
      "pm2": {
        "median": 178.68540199998506,
        "p95": 183.62173379998126
      }
    },
    "crash_ready_event_emitted_ms": {
      "oxmgr": {
        "median": 28.657470703125,
        "p95": 31.125659179687496
      },
      "pm2": {
        "median": 141.34765625,
        "p95": 158.0931396484375
      }
    },
    "crash_ready_event_visible_ms": {
      "oxmgr": {
        "median": 34.567779000042265,
        "p95": 34.76805349999381
      },
      "pm2": {
        "median": 178.80209399999103,
        "p95": 183.73371309996287
      }
    },
    "crash_tcp_ready_ms": {
      "oxmgr": {
        "median": 36.217039999996814,
        "p95": 36.442201200009094
      },
      "pm2": {
        "median": 179.98490799999445,
        "p95": 184.87115849999896
      }
    }
  }
}