{
  "metadata": {
    "generated_at_utc": "2026-03-23T06:18:50.856775+00:00",
    "host_platform": "linux (Linux 6.14.0-1017-azure)",
    "node_version": "v20.20.1",
    "pm2_command": "/opt/hostedtoolcache/node/20.20.1/x64/bin/pm2",
    "oxmgr_binary": "/home/runner/work/OxMgr/OxMgr/target/release/oxmgr",
    "process_counts": [
      1,
      25,
      100
    ]
  },
  "empty_daemon_boot": {
    "oxmgr": {
      "boot_ms": {
        "median": 100.80364499999916,
        "p95": 101.96171279999078
      },
      "daemon_rss_kb": {
        "median": 6388.0
      }
    },
    "pm2": {
      "boot_ms": {
        "median": 388.48723399999585,
        "p95": 390.8829421999954
      },
      "daemon_rss_kb": {
        "median": 56508.0
      }
    }
  },
  "scale": {
    "1": {
      "oxmgr": {
        "start_ms": {
          "median": 4.030395000000908
        },
        "settle_ms": {
          "median": 0.1360440000013341
        },
        "list_ms": {
          "median": 2.6347520000058466
        },
        "daemon_rss_kb": {
          "median": 6808.0
        }
      },
      "pm2": {
        "start_ms": {
          "median": 187.98441900000284
        },
        "settle_ms": {
          "median": 173.99312300000247
        },
        "list_ms": {
          "median": 131.8163520000013
        },
        "daemon_rss_kb": {
          "median": 65564.0
        }
      }
    },
    "25": {
      "oxmgr": {
        "start_ms": {
          "median": 151.60809700000755
        },
        "settle_ms": {
          "median": 0.5681590000108372
        },
        "list_ms": {
          "median": 7.486486000004788
        },
        "daemon_rss_kb": {
          "median": 6780.0
        }
      },
      "pm2": {
        "start_ms": {
          "median": 1471.757322000002
        },
        "settle_ms": {
          "median": 228.76298299999576
        },
        "list_ms": {
          "median": 190.98523900001396
        },
        "daemon_rss_kb": {
          "median": 113420.0
        }
      }
    },
    "100": {
      "oxmgr": {
        "start_ms": {
          "median": 791.7643290000171
        },
        "settle_ms": {
          "median": 1.723093999999037
        },
        "list_ms": {
          "median": 4.831193000001122
        },
        "daemon_rss_kb": {
          "median": 7716.0
        }
      },
      "pm2": {
        "start_ms": {
          "median": 6029.44281500001
        },
        "settle_ms": {
          "median": 392.9096779999952
        },
        "list_ms": {
          "median": 310.97713700000895
        },
        "daemon_rss_kb": {
          "median": 146708.0
        }
      }
    }
  },
  "single_app_lifecycle": {
    "restart_command_ms": {
      "oxmgr": {
        "median": 206.0166699999968,
        "p95": 206.4275112000132
      },
      "pm2": {
        "median": 278.00920100000326,
        "p95": 282.90809889999764
      }
    },
    "restart_pid_visible_ms": {
      "oxmgr": {
        "median": 206.4341759999877,
        "p95": 206.6695258999971
      },
      "pm2": {
        "median": 308.3334920000027,
        "p95": 311.26399730000287
      }
    },
    "restart_ready_event_emitted_ms": {
      "oxmgr": {
        "median": 229.507568359375,
        "p95": 229.88283691406247
      },
      "pm2": {
        "median": 386.28564453125,
        "p95": 391.8897705078125
      }
    },
    "restart_ready_event_visible_ms": {
      "oxmgr": {
        "median": 237.36335199998848,
        "p95": 237.57441500001732
      },
      "pm2": {
        "median": 391.20859199999813,
        "p95": 400.8473486000071
      }
    },
    "restart_tcp_ready_ms": {
      "oxmgr": {
        "median": 239.02275699998654,
        "p95": 239.1716510000009
      },
      "pm2": {
        "median": 392.2769450000203,
        "p95": 401.95029229999477
      }
    },
    "crash_pid_visible_ms": {
      "oxmgr": {
        "median": 4.324250999985679,
        "p95": 13.340828299996579
      },
      "pm2": {
        "median": 167.442694000016,
        "p95": 172.80819589998657
      }
    },
    "crash_ready_event_emitted_ms": {
      "oxmgr": {
        "median": 27.244384765625,
        "p95": 33.6299560546875
      },
      "pm2": {
        "median": 137.61083984375,
        "p95": 150.54921875
      }
    },
    "crash_ready_event_visible_ms": {
      "oxmgr": {
        "median": 35.04152700000418,
        "p95": 37.04342550000206
      },
      "pm2": {
        "median": 167.54821000000675,
        "p95": 172.89851979998616
      }
    },
    "crash_tcp_ready_ms": {
      "oxmgr": {
        "median": 36.569200999991835,
        "p95": 38.716968199994994
      },
      "pm2": {
        "median": 168.69246500002077,
        "p95": 173.97604859998808
      }
    }
  }
}