{
  "metadata": {
    "generated_at_utc": "2026-03-30T07:02:45.957889+00:00",
    "host_platform": "linux (Linux 6.17.0-1008-azure)",
    "node_version": "v20.20.1",
    "pm2_command": "/opt/hostedtoolcache/node/20.20.1/x64/bin/pm2",
    "oxmgr_binary": "/home/runner/work/OxMgr/OxMgr/target/release/oxmgr",
    "process_counts": [
      1,
      25,
      100
    ]
  },
  "empty_daemon_boot": {
    "oxmgr": {
      "boot_ms": {
        "median": 100.62590500000113,
        "p95": 100.73258019998974
      },
      "daemon_rss_kb": {
        "median": 6584.0
      }
    },
    "pm2": {
      "boot_ms": {
        "median": 343.85918800001036,
        "p95": 347.1379708000014
      },
      "daemon_rss_kb": {
        "median": 57640.0
      }
    }
  },
  "scale": {
    "1": {
      "oxmgr": {
        "start_ms": {
          "median": 3.167826999998624
        },
        "settle_ms": {
          "median": 0.13079299999674276
        },
        "list_ms": {
          "median": 1.9291999999921927
        },
        "daemon_rss_kb": {
          "median": 6844.0
        }
      },
      "pm2": {
        "start_ms": {
          "median": 157.8656629999955
        },
        "settle_ms": {
          "median": 158.76240900000482
        },
        "list_ms": {
          "median": 110.4423290000085
        },
        "daemon_rss_kb": {
          "median": 66000.0
        }
      }
    },
    "25": {
      "oxmgr": {
        "start_ms": {
          "median": 129.32123600000978
        },
        "settle_ms": {
          "median": 0.5803939999964314
        },
        "list_ms": {
          "median": 4.4980570000063835
        },
        "daemon_rss_kb": {
          "median": 7048.0
        }
      },
      "pm2": {
        "start_ms": {
          "median": 1260.0881679999816
        },
        "settle_ms": {
          "median": 207.05176499998856
        },
        "list_ms": {
          "median": 167.31569099999888
        },
        "daemon_rss_kb": {
          "median": 118780.0
        }
      }
    },
    "100": {
      "oxmgr": {
        "start_ms": {
          "median": 702.0355459999905
        },
        "settle_ms": {
          "median": 1.7916270000171153
        },
        "list_ms": {
          "median": 3.7663779999945746
        },
        "daemon_rss_kb": {
          "median": 7752.0
        }
      },
      "pm2": {
        "start_ms": {
          "median": 5069.934230000001
        },
        "settle_ms": {
          "median": 316.38293800000383
        },
        "list_ms": {
          "median": 270.9578089999809
        },
        "daemon_rss_kb": {
          "median": 162200.0
        }
      }
    }
  },
  "single_app_lifecycle": {
    "restart_command_ms": {
      "oxmgr": {
        "median": 204.9880289999919,
        "p95": 205.17962969998678
      },
      "pm2": {
        "median": 247.8300750000244,
        "p95": 249.4696579000106
      }
    },
    "restart_pid_visible_ms": {
      "oxmgr": {
        "median": 205.31362499997385,
        "p95": 205.4884269000098
      },
      "pm2": {
        "median": 248.60687800000392,
        "p95": 257.7101051999904
      }
    },
    "restart_ready_event_emitted_ms": {
      "oxmgr": {
        "median": 224.9033203125,
        "p95": 225.29470214843752
      },
      "pm2": {
        "median": 335.227294921875,
        "p95": 341.49033203125
      }
    },
    "restart_ready_event_visible_ms": {
      "oxmgr": {
        "median": 225.81412899998554,
        "p95": 226.0531879000041
      },
      "pm2": {
        "median": 341.08629199999996,
        "p95": 347.1499570999981
      }
    },
    "restart_tcp_ready_ms": {
      "oxmgr": {
        "median": 227.3776840000039,
        "p95": 227.6782989999873
      },
      "pm2": {
        "median": 341.92789200000107,
        "p95": 347.9808702000014
      }
    },
    "crash_pid_visible_ms": {
      "oxmgr": {
        "median": 2.7223239999898396,
        "p95": 3.271514100001127
      },
      "pm2": {
        "median": 146.14157300002262,
        "p95": 164.35887040001091
      }
    },
    "crash_ready_event_emitted_ms": {
      "oxmgr": {
        "median": 22.30126953125,
        "p95": 25.8253173828125
      },
      "pm2": {
        "median": 120.426513671875,
        "p95": 133.84589843749998
      }
    },
    "crash_ready_event_visible_ms": {
      "oxmgr": {
        "median": 23.580484999996543,
        "p95": 33.55338700000061
      },
      "pm2": {
        "median": 146.2293190000139,
        "p95": 164.4385554000081
      }
    },
    "crash_tcp_ready_ms": {
      "oxmgr": {
        "median": 25.001884000005248,
        "p95": 35.22861459999547
      },
      "pm2": {
        "median": 147.2117819999994,
        "p95": 165.38026570001986
      }
    }
  }
}