{
  "metadata": {
    "generated_at_utc": "2026-06-22T10:48:31.333356+00:00",
    "host_platform": "linux (Linux 6.17.0-1018-azure)",
    "node_version": "v20.20.2",
    "pm2_command": "/opt/hostedtoolcache/node/20.20.2/x64/bin/pm2",
    "oxmgr_binary": "/home/runner/work/OxMgr/OxMgr/target/release/oxmgr",
    "process_counts": [
      1,
      25,
      100
    ]
  },
  "empty_daemon_boot": {
    "oxmgr": {
      "boot_ms": {
        "median": 100.39924599999495,
        "p95": 101.2934427999923
      },
      "daemon_rss_kb": {
        "median": 6780.0
      }
    },
    "pm2": {
      "boot_ms": {
        "median": 264.6695649999913,
        "p95": 331.8674359000027
      },
      "daemon_rss_kb": {
        "median": 58640.0
      }
    }
  },
  "scale": {
    "1": {
      "oxmgr": {
        "start_ms": {
          "median": 3.250324000006799
        },
        "settle_ms": {
          "median": 0.08631000000036693
        },
        "list_ms": {
          "median": 1.7461439999948425
        },
        "daemon_rss_kb": {
          "median": 7224.0
        }
      },
      "pm2": {
        "start_ms": {
          "median": 109.97189100000071
        },
        "settle_ms": {
          "median": 100.29230600000005
        },
        "list_ms": {
          "median": 74.14165899999148
        },
        "daemon_rss_kb": {
          "median": 67344.0
        }
      }
    },
    "25": {
      "oxmgr": {
        "start_ms": {
          "median": 112.59067700000003
        },
        "settle_ms": {
          "median": 0.3663429999960499
        },
        "list_ms": {
          "median": 1.9743689999955905
        },
        "daemon_rss_kb": {
          "median": 7892.0
        }
      },
      "pm2": {
        "start_ms": {
          "median": 849.3409289999931
        },
        "settle_ms": {
          "median": 119.96191200000794
        },
        "list_ms": {
          "median": 110.37566000000254
        },
        "daemon_rss_kb": {
          "median": 118876.0
        }
      }
    },
    "100": {
      "oxmgr": {
        "start_ms": {
          "median": 508.02505900000483
        },
        "settle_ms": {
          "median": 0.9227529999975559
        },
        "list_ms": {
          "median": 3.3074499999941054
        },
        "daemon_rss_kb": {
          "median": 10180.0
        }
      },
      "pm2": {
        "start_ms": {
          "median": 3390.230791000022
        },
        "settle_ms": {
          "median": 193.95470099999557
        },
        "list_ms": {
          "median": 174.8172259999876
        },
        "daemon_rss_kb": {
          "median": 165556.0
        }
      }
    }
  },
  "single_app_lifecycle": {
    "restart_command_ms": {
      "oxmgr": {
        "median": 203.7786030000177,
        "p95": 204.77863430000127
      },
      "pm2": {
        "median": 202.70066800000563,
        "p95": 208.5284930999876
      }
    },
    "restart_pid_visible_ms": {
      "oxmgr": {
        "median": 204.5691980000015,
        "p95": 205.1755811000021
      },
      "pm2": {
        "median": 278.2526080000025,
        "p95": 288.9029261999923
      }
    },
    "restart_ready_event_emitted_ms": {
      "oxmgr": {
        "median": 218.361083984375,
        "p95": 218.94235839843748
      },
      "pm2": {
        "median": 267.367431640625,
        "p95": 275.357470703125
      }
    },
    "restart_ready_event_visible_ms": {
      "oxmgr": {
        "median": 224.9346050000156,
        "p95": 225.487132700016
      },
      "pm2": {
        "median": 278.3353130000137,
        "p95": 288.98216689999003
      }
    },
    "restart_tcp_ready_ms": {
      "oxmgr": {
        "median": 225.79433199999244,
        "p95": 226.33552010000528
      },
      "pm2": {
        "median": 279.11638099999436,
        "p95": 289.6676256999882
      }
    },
    "crash_pid_visible_ms": {
      "oxmgr": {
        "median": 2.161642000004349,
        "p95": 2.8561041000045857
      },
      "pm2": {
        "median": 101.84356100000969,
        "p95": 111.00918150001176
      }
    },
    "crash_ready_event_emitted_ms": {
      "oxmgr": {
        "median": 16.947998046875,
        "p95": 17.36064453125
      },
      "pm2": {
        "median": 78.415283203125,
        "p95": 87.833642578125
      }
    },
    "crash_ready_event_visible_ms": {
      "oxmgr": {
        "median": 22.536365999997088,
        "p95": 23.26724870001442
      },
      "pm2": {
        "median": 101.92444300000147,
        "p95": 111.08880220000684
      }
    },
    "crash_tcp_ready_ms": {
      "oxmgr": {
        "median": 23.354820999998083,
        "p95": 24.130165900004386
      },
      "pm2": {
        "median": 102.61779900000079,
        "p95": 111.82151910000754
      }
    }
  }
}