{
  "metadata": {
    "generated_at_utc": "2026-04-27T07:43:46.029425+00:00",
    "host_platform": "linux (Linux 6.17.0-1010-azure)",
    "node_version": "v20.20.2",
    "pm2_command": "/opt/hostedtoolcache/node/20.20.2/x64/bin/pm2",
    "oxmgr_binary": "/home/runner/work/OxMgr/OxMgr/target/release/oxmgr",
    "process_counts": [
      1,
      25,
      100
    ]
  },
  "empty_daemon_boot": {
    "oxmgr": {
      "boot_ms": {
        "median": 100.8677549999959,
        "p95": 101.96306579999401
      },
      "daemon_rss_kb": {
        "median": 6552.0
      }
    },
    "pm2": {
      "boot_ms": {
        "median": 395.9389089999945,
        "p95": 398.12188599997853
      },
      "daemon_rss_kb": {
        "median": 57652.0
      }
    }
  },
  "scale": {
    "1": {
      "oxmgr": {
        "start_ms": {
          "median": 4.06320299998697
        },
        "settle_ms": {
          "median": 0.1413740000089092
        },
        "list_ms": {
          "median": 2.4926739999955316
        },
        "daemon_rss_kb": {
          "median": 6860.0
        }
      },
      "pm2": {
        "start_ms": {
          "median": 190.33538899998348
        },
        "settle_ms": {
          "median": 185.34716600001389
        },
        "list_ms": {
          "median": 133.5037310000189
        },
        "daemon_rss_kb": {
          "median": 66600.0
        }
      }
    },
    "25": {
      "oxmgr": {
        "start_ms": {
          "median": 162.73673199998484
        },
        "settle_ms": {
          "median": 0.6176570000206993
        },
        "list_ms": {
          "median": 5.224629000025516
        },
        "daemon_rss_kb": {
          "median": 7040.0
        }
      },
      "pm2": {
        "start_ms": {
          "median": 1483.6126600000057
        },
        "settle_ms": {
          "median": 247.5972039999874
        },
        "list_ms": {
          "median": 192.2569540000154
        },
        "daemon_rss_kb": {
          "median": 117416.0
        }
      }
    },
    "100": {
      "oxmgr": {
        "start_ms": {
          "median": 822.7424240000119
        },
        "settle_ms": {
          "median": 1.7149120000112816
        },
        "list_ms": {
          "median": 4.009565000018256
        },
        "daemon_rss_kb": {
          "median": 7976.0
        }
      },
      "pm2": {
        "start_ms": {
          "median": 6004.470730999998
        },
        "settle_ms": {
          "median": 387.4441890000071
        },
        "list_ms": {
          "median": 314.2828809999969
        },
        "daemon_rss_kb": {
          "median": 165968.0
        }
      }
    }
  },
  "single_app_lifecycle": {
    "restart_command_ms": {
      "oxmgr": {
        "median": 205.9077990000162,
        "p95": 206.81261459999973
      },
      "pm2": {
        "median": 276.0165509999979,
        "p95": 290.20083119997366
      }
    },
    "restart_pid_visible_ms": {
      "oxmgr": {
        "median": 206.3348349999785,
        "p95": 207.22766649998903
      },
      "pm2": {
        "median": 309.22110699998484,
        "p95": 319.91373299998145
      }
    },
    "restart_ready_event_emitted_ms": {
      "oxmgr": {
        "median": 231.280029296875,
        "p95": 232.2144287109375
      },
      "pm2": {
        "median": 395.60400390625,
        "p95": 409.427001953125
      }
    },
    "restart_ready_event_visible_ms": {
      "oxmgr": {
        "median": 237.14399499999672,
        "p95": 238.06607459998474
      },
      "pm2": {
        "median": 399.7937319999778,
        "p95": 414.909274999971
      }
    },
    "restart_tcp_ready_ms": {
      "oxmgr": {
        "median": 238.76777699999252,
        "p95": 239.65796189998514
      },
      "pm2": {
        "median": 401.0263409999766,
        "p95": 415.97972649999804
      }
    },
    "crash_pid_visible_ms": {
      "oxmgr": {
        "median": 4.845095999996829,
        "p95": 16.64784409996969
      },
      "pm2": {
        "median": 176.04001099999778,
        "p95": 190.75280010000597
      }
    },
    "crash_ready_event_emitted_ms": {
      "oxmgr": {
        "median": 28.723876953125,
        "p95": 31.84521484375
      },
      "pm2": {
        "median": 148.51708984375,
        "p95": 159.492236328125
      }
    },
    "crash_ready_event_visible_ms": {
      "oxmgr": {
        "median": 35.56268400001272,
        "p95": 37.222313699970755
      },
      "pm2": {
        "median": 176.12859700000172,
        "p95": 190.84915680002723
      }
    },
    "crash_tcp_ready_ms": {
      "oxmgr": {
        "median": 37.13858600002595,
        "p95": 38.819838899979686
      },
      "pm2": {
        "median": 177.21711299998333,
        "p95": 191.94018490002804
      }
    }
  }
}