{
  "metadata": {
    "generated_at_utc": "2026-06-08T09:58:29.559278+00:00",
    "host_platform": "linux (Linux 6.17.0-1015-azure)",
    "node_version": "v20.20.2",
    "pm2_command": "/opt/hostedtoolcache/node/20.20.2/x64/bin/pm2",
    "oxmgr_binary": "/home/runner/work/OxMgr/OxMgr/target/release/oxmgr",
    "process_counts": [
      1,
      25,
      100
    ]
  },
  "empty_daemon_boot": {
    "oxmgr": {
      "boot_ms": {
        "median": 100.80195399996228,
        "p95": 102.26714949999405
      },
      "daemon_rss_kb": {
        "median": 6740.0
      }
    },
    "pm2": {
      "boot_ms": {
        "median": 390.4038790000186,
        "p95": 396.7606825000644
      },
      "daemon_rss_kb": {
        "median": 57688.0
      }
    }
  },
  "scale": {
    "1": {
      "oxmgr": {
        "start_ms": {
          "median": 4.137830999979997
        },
        "settle_ms": {
          "median": 0.1404619999902934
        },
        "list_ms": {
          "median": 2.5331609999739158
        },
        "daemon_rss_kb": {
          "median": 7132.0
        }
      },
      "pm2": {
        "start_ms": {
          "median": 189.9842450000051
        },
        "settle_ms": {
          "median": 188.8332219999711
        },
        "list_ms": {
          "median": 133.723539000016
        },
        "daemon_rss_kb": {
          "median": 66172.0
        }
      }
    },
    "25": {
      "oxmgr": {
        "start_ms": {
          "median": 157.66330500002823
        },
        "settle_ms": {
          "median": 0.5394869999690854
        },
        "list_ms": {
          "median": 9.781156000030933
        },
        "daemon_rss_kb": {
          "median": 7612.0
        }
      },
      "pm2": {
        "start_ms": {
          "median": 1520.8765360000598
        },
        "settle_ms": {
          "median": 225.40573699996003
        },
        "list_ms": {
          "median": 199.72457599999416
        },
        "daemon_rss_kb": {
          "median": 118120.0
        }
      }
    },
    "100": {
      "oxmgr": {
        "start_ms": {
          "median": 819.8917680000477
        },
        "settle_ms": {
          "median": 1.663877000055436
        },
        "list_ms": {
          "median": 4.719065000017508
        },
        "daemon_rss_kb": {
          "median": 10012.0
        }
      },
      "pm2": {
        "start_ms": {
          "median": 5978.056080999977
        },
        "settle_ms": {
          "median": 404.67117899993355
        },
        "list_ms": {
          "median": 327.4528279999913
        },
        "daemon_rss_kb": {
          "median": 159596.0
        }
      }
    }
  },
  "single_app_lifecycle": {
    "restart_command_ms": {
      "oxmgr": {
        "median": 205.94134600003144,
        "p95": 206.77548350005281
      },
      "pm2": {
        "median": 273.0631119999316,
        "p95": 278.47320190010123
      }
    },
    "restart_pid_visible_ms": {
      "oxmgr": {
        "median": 206.3727640000934,
        "p95": 207.40259330002573
      },
      "pm2": {
        "median": 300.0526409999793,
        "p95": 303.0776369999444
      }
    },
    "restart_ready_event_emitted_ms": {
      "oxmgr": {
        "median": 230.426025390625,
        "p95": 231.40078125
      },
      "pm2": {
        "median": 387.70849609375,
        "p95": 395.910693359375
      }
    },
    "restart_ready_event_visible_ms": {
      "oxmgr": {
        "median": 237.43212699992,
        "p95": 238.34824330001538
      },
      "pm2": {
        "median": 394.6839349999891,
        "p95": 404.7296133000259
      }
    },
    "restart_tcp_ready_ms": {
      "oxmgr": {
        "median": 239.0958139999384,
        "p95": 239.90218410007174
      },
      "pm2": {
        "median": 395.61502399999426,
        "p95": 405.75356550004926
      }
    },
    "crash_pid_visible_ms": {
      "oxmgr": {
        "median": 3.188142999988486,
        "p95": 3.6345095000001493
      },
      "pm2": {
        "median": 179.9164029999929,
        "p95": 191.63427890002822
      }
    },
    "crash_ready_event_emitted_ms": {
      "oxmgr": {
        "median": 26.824951171875,
        "p95": 27.033154296874997
      },
      "pm2": {
        "median": 145.275390625,
        "p95": 159.542724609375
      }
    },
    "crash_ready_event_visible_ms": {
      "oxmgr": {
        "median": 33.864218999951845,
        "p95": 34.36534929998061
      },
      "pm2": {
        "median": 180.05360899996958,
        "p95": 191.72608579999633
      }
    },
    "crash_tcp_ready_ms": {
      "oxmgr": {
        "median": 35.43448199991417,
        "p95": 35.92187740000554
      },
      "pm2": {
        "median": 181.1301899999762,
        "p95": 192.80305330001966
      }
    }
  }
}