{
  "metadata": {
    "generated_at_utc": "2026-03-16T06:50:54.746039+00:00",
    "host_platform": "linux (Linux 6.14.0-1017-azure)",
    "node_version": "v20.20.1",
    "pm2_command": "/opt/hostedtoolcache/node/20.20.1/x64/bin/pm2",
    "oxmgr_binary": "/home/runner/work/OxMgr/OxMgr/target/release/oxmgr",
    "process_counts": [
      1,
      25,
      100
    ]
  },
  "empty_daemon_boot": {
    "oxmgr": {
      "boot_ms": {
        "median": 100.96792999999593,
        "p95": 102.49873640001113
      },
      "daemon_rss_kb": {
        "median": 6672.0
      }
    },
    "pm2": {
      "boot_ms": {
        "median": 397.68937100001267,
        "p95": 402.03783530000123
      },
      "daemon_rss_kb": {
        "median": 56516.0
      }
    }
  },
  "scale": {
    "1": {
      "oxmgr": {
        "start_ms": {
          "median": 4.584257999994179
        },
        "settle_ms": {
          "median": 0.1347220000127436
        },
        "list_ms": {
          "median": 2.8662750000023607
        },
        "daemon_rss_kb": {
          "median": 6788.0
        }
      },
      "pm2": {
        "start_ms": {
          "median": 197.63729800001784
        },
        "settle_ms": {
          "median": 177.92569400000957
        },
        "list_ms": {
          "median": 138.1451309999875
        },
        "daemon_rss_kb": {
          "median": 64352.0
        }
      }
    },
    "25": {
      "oxmgr": {
        "start_ms": {
          "median": 177.55028500002368
        },
        "settle_ms": {
          "median": 0.5633319999844844
        },
        "list_ms": {
          "median": 3.3455129999993005
        },
        "daemon_rss_kb": {
          "median": 7168.0
        }
      },
      "pm2": {
        "start_ms": {
          "median": 1547.5028740000027
        },
        "settle_ms": {
          "median": 230.00918300002127
        },
        "list_ms": {
          "median": 181.37282899999718
        },
        "daemon_rss_kb": {
          "median": 112324.0
        }
      }
    },
    "100": {
      "oxmgr": {
        "start_ms": {
          "median": 823.777535000005
        },
        "settle_ms": {
          "median": 1.8408660000091004
        },
        "list_ms": {
          "median": 4.213274999983696
        },
        "daemon_rss_kb": {
          "median": 7752.0
        }
      },
      "pm2": {
        "start_ms": {
          "median": 6155.044223999994
        },
        "settle_ms": {
          "median": 405.5064290000132
        },
        "list_ms": {
          "median": 328.24052500001244
        },
        "daemon_rss_kb": {
          "median": 156540.0
        }
      }
    }
  },
  "single_app_lifecycle": {
    "restart_command_ms": {
      "oxmgr": {
        "median": 206.9404580000196,
        "p95": 207.73841530002528
      },
      "pm2": {
        "median": 283.81178099999715,
        "p95": 290.0823883000214
      }
    },
    "restart_pid_visible_ms": {
      "oxmgr": {
        "median": 207.2839799999997,
        "p95": 207.79696739996325
      },
      "pm2": {
        "median": 320.48924200000783,
        "p95": 328.51034030000505
      }
    },
    "restart_ready_event_emitted_ms": {
      "oxmgr": {
        "median": 231.64111328125,
        "p95": 234.9054931640625
      },
      "pm2": {
        "median": 395.665283203125,
        "p95": 400.33212890625003
      }
    },
    "restart_ready_event_visible_ms": {
      "oxmgr": {
        "median": 238.50944399998752,
        "p95": 239.24679679998917
      },
      "pm2": {
        "median": 397.72419600001285,
        "p95": 404.72658479998813
      }
    },
    "restart_tcp_ready_ms": {
      "oxmgr": {
        "median": 240.306621000002,
        "p95": 241.142593599983
      },
      "pm2": {
        "median": 398.73261899998624,
        "p95": 405.8200387999875
      }
    },
    "crash_pid_visible_ms": {
      "oxmgr": {
        "median": 4.1261540000050445,
        "p95": 4.219202800027233
      },
      "pm2": {
        "median": 174.0910279999639,
        "p95": 193.57079040001395
      }
    },
    "crash_ready_event_emitted_ms": {
      "oxmgr": {
        "median": 27.412353515625,
        "p95": 28.1438720703125
      },
      "pm2": {
        "median": 142.020751953125,
        "p95": 154.4080810546875
      }
    },
    "crash_ready_event_visible_ms": {
      "oxmgr": {
        "median": 35.43836699998337,
        "p95": 35.51221420002548
      },
      "pm2": {
        "median": 174.2422499999634,
        "p95": 193.66871330001345
      }
    },
    "crash_tcp_ready_ms": {
      "oxmgr": {
        "median": 37.17882500001224,
        "p95": 37.39023590001693
      },
      "pm2": {
        "median": 175.41733599995268,
        "p95": 194.78660659999605
      }
    }
  }
}