{
  "metadata": {
    "generated_at_utc": "2026-06-01T10:34:09.035213+00:00",
    "host_platform": "linux (Linux 6.17.0-1015-azure)",
    "node_version": "v20.20.2",
    "pm2_command": "/opt/hostedtoolcache/node/20.20.2/x64/bin/pm2",
    "oxmgr_binary": "/home/runner/work/OxMgr/OxMgr/target/release/oxmgr",
    "process_counts": [
      1,
      25,
      100
    ]
  },
  "empty_daemon_boot": {
    "oxmgr": {
      "boot_ms": {
        "median": 100.82742500000563,
        "p95": 102.06414380000126
      },
      "daemon_rss_kb": {
        "median": 6644.0
      }
    },
    "pm2": {
      "boot_ms": {
        "median": 387.2297279999941,
        "p95": 391.31470560000423
      },
      "daemon_rss_kb": {
        "median": 57312.0
      }
    }
  },
  "scale": {
    "1": {
      "oxmgr": {
        "start_ms": {
          "median": 4.016044999985979
        },
        "settle_ms": {
          "median": 0.11947100000497812
        },
        "list_ms": {
          "median": 2.555293000000347
        },
        "daemon_rss_kb": {
          "median": 7024.0
        }
      },
      "pm2": {
        "start_ms": {
          "median": 182.55410599999777
        },
        "settle_ms": {
          "median": 172.97377099998812
        },
        "list_ms": {
          "median": 130.01483000002168
        },
        "daemon_rss_kb": {
          "median": 66156.0
        }
      }
    },
    "25": {
      "oxmgr": {
        "start_ms": {
          "median": 165.2107479999927
        },
        "settle_ms": {
          "median": 0.5553880000093159
        },
        "list_ms": {
          "median": 8.335948999985021
        },
        "daemon_rss_kb": {
          "median": 7724.0
        }
      },
      "pm2": {
        "start_ms": {
          "median": 1413.3938109999917
        },
        "settle_ms": {
          "median": 221.04186400000003
        },
        "list_ms": {
          "median": 187.4965389999943
        },
        "daemon_rss_kb": {
          "median": 118252.0
        }
      }
    },
    "100": {
      "oxmgr": {
        "start_ms": {
          "median": 826.2132240000142
        },
        "settle_ms": {
          "median": 2.550826000003781
        },
        "list_ms": {
          "median": 6.6487369999777
        },
        "daemon_rss_kb": {
          "median": 9972.0
        }
      },
      "pm2": {
        "start_ms": {
          "median": 5701.018888999983
        },
        "settle_ms": {
          "median": 357.6076100000023
        },
        "list_ms": {
          "median": 303.5328189999973
        },
        "daemon_rss_kb": {
          "median": 164940.0
        }
      }
    }
  },
  "single_app_lifecycle": {
    "restart_command_ms": {
      "oxmgr": {
        "median": 206.4014830000076,
        "p95": 207.60482530000104
      },
      "pm2": {
        "median": 272.25028499998416,
        "p95": 274.13629809999236
      }
    },
    "restart_pid_visible_ms": {
      "oxmgr": {
        "median": 207.51783999997997,
        "p95": 209.03795639998464
      },
      "pm2": {
        "median": 296.6666199999963,
        "p95": 307.91218460000493
      }
    },
    "restart_ready_event_emitted_ms": {
      "oxmgr": {
        "median": 232.4140625,
        "p95": 233.211962890625
      },
      "pm2": {
        "median": 383.0029296875,
        "p95": 389.714306640625
      }
    },
    "restart_ready_event_visible_ms": {
      "oxmgr": {
        "median": 238.16418499998804,
        "p95": 239.91313449999723
      },
      "pm2": {
        "median": 388.64754200000107,
        "p95": 396.27183080000066
      }
    },
    "restart_tcp_ready_ms": {
      "oxmgr": {
        "median": 239.80754600000864,
        "p95": 241.44424849999666
      },
      "pm2": {
        "median": 386.5962790000026,
        "p95": 395.5573651999998
      }
    },
    "crash_pid_visible_ms": {
      "oxmgr": {
        "median": 3.143050000005587,
        "p95": 4.080371700001706
      },
      "pm2": {
        "median": 170.0550109999881,
        "p95": 177.37833860002183
      }
    },
    "crash_ready_event_emitted_ms": {
      "oxmgr": {
        "median": 27.259521484375,
        "p95": 29.176806640625
      },
      "pm2": {
        "median": 150.018798828125,
        "p95": 155.19677734375
      }
    },
    "crash_ready_event_visible_ms": {
      "oxmgr": {
        "median": 34.04106400000728,
        "p95": 34.8437271999785
      },
      "pm2": {
        "median": 170.15634399996316,
        "p95": 177.4967328999935
      }
    },
    "crash_tcp_ready_ms": {
      "oxmgr": {
        "median": 35.57642900000246,
        "p95": 36.349533500020925
      },
      "pm2": {
        "median": 171.49559299997463,
        "p95": 178.5692927000298
      }
    }
  }
}