{
  "metadata": {
    "generated_at_utc": "2026-05-04T08:05:10.205320+00:00",
    "host_platform": "linux (Linux 6.17.0-1010-azure)",
    "node_version": "v20.20.2",
    "pm2_command": "/opt/hostedtoolcache/node/20.20.2/x64/bin/pm2",
    "oxmgr_binary": "/home/runner/work/OxMgr/OxMgr/target/release/oxmgr",
    "process_counts": [
      1,
      25,
      100
    ]
  },
  "empty_daemon_boot": {
    "oxmgr": {
      "boot_ms": {
        "median": 100.71548700000221,
        "p95": 101.97557340000003
      },
      "daemon_rss_kb": {
        "median": 6636.0
      }
    },
    "pm2": {
      "boot_ms": {
        "median": 394.36779499999375,
        "p95": 401.36728759998164
      },
      "daemon_rss_kb": {
        "median": 58296.0
      }
    }
  },
  "scale": {
    "1": {
      "oxmgr": {
        "start_ms": {
          "median": 3.791978999998946
        },
        "settle_ms": {
          "median": 0.10864399999377383
        },
        "list_ms": {
          "median": 2.5054490000115948
        },
        "daemon_rss_kb": {
          "median": 6980.0
        }
      },
      "pm2": {
        "start_ms": {
          "median": 190.58592000001795
        },
        "settle_ms": {
          "median": 194.5920550000153
        },
        "list_ms": {
          "median": 134.52547099998924
        },
        "daemon_rss_kb": {
          "median": 66512.0
        }
      }
    },
    "25": {
      "oxmgr": {
        "start_ms": {
          "median": 147.64837200002034
        },
        "settle_ms": {
          "median": 0.5853179999917302
        },
        "list_ms": {
          "median": 8.907288000017388
        },
        "daemon_rss_kb": {
          "median": 7472.0
        }
      },
      "pm2": {
        "start_ms": {
          "median": 1487.127017000006
        },
        "settle_ms": {
          "median": 229.90289499998084
        },
        "list_ms": {
          "median": 192.98755600001982
        },
        "daemon_rss_kb": {
          "median": 119068.0
        }
      }
    },
    "100": {
      "oxmgr": {
        "start_ms": {
          "median": 808.8731119999863
        },
        "settle_ms": {
          "median": 1.760221999973055
        },
        "list_ms": {
          "median": 4.283315000009225
        },
        "daemon_rss_kb": {
          "median": 9996.0
        }
      },
      "pm2": {
        "start_ms": {
          "median": 5897.269068000014
        },
        "settle_ms": {
          "median": 383.52379999997765
        },
        "list_ms": {
          "median": 321.2028180000175
        },
        "daemon_rss_kb": {
          "median": 162632.0
        }
      }
    }
  },
  "single_app_lifecycle": {
    "restart_command_ms": {
      "oxmgr": {
        "median": 205.94858700002305,
        "p95": 208.09803779996514
      },
      "pm2": {
        "median": 278.66374300003827,
        "p95": 282.5673078999955
      }
    },
    "restart_pid_visible_ms": {
      "oxmgr": {
        "median": 206.65532499998562,
        "p95": 208.59017519999838
      },
      "pm2": {
        "median": 309.34978199996976,
        "p95": 317.55067479999184
      }
    },
    "restart_ready_event_emitted_ms": {
      "oxmgr": {
        "median": 231.485107421875,
        "p95": 234.055419921875
      },
      "pm2": {
        "median": 393.15771484375,
        "p95": 401.2220947265625
      }
    },
    "restart_ready_event_visible_ms": {
      "oxmgr": {
        "median": 237.66392999999653,
        "p95": 239.39508660001252
      },
      "pm2": {
        "median": 398.59031800000366,
        "p95": 408.5652250999715
      }
    },
    "restart_tcp_ready_ms": {
      "oxmgr": {
        "median": 239.2038979999711,
        "p95": 240.99446369997395
      },
      "pm2": {
        "median": 399.6725179999885,
        "p95": 409.7710801999938
      }
    },
    "crash_pid_visible_ms": {
      "oxmgr": {
        "median": 3.882507000014357,
        "p95": 4.137714800009462
      },
      "pm2": {
        "median": 179.23985499999162,
        "p95": 182.54442250001262
      }
    },
    "crash_ready_event_emitted_ms": {
      "oxmgr": {
        "median": 27.67138671875,
        "p95": 30.479882812499994
      },
      "pm2": {
        "median": 152.301513671875,
        "p95": 162.6514892578125
      }
    },
    "crash_ready_event_visible_ms": {
      "oxmgr": {
        "median": 34.64082900001131,
        "p95": 35.09757489999288
      },
      "pm2": {
        "median": 179.33390199999621,
        "p95": 182.64758989998313
      }
    },
    "crash_tcp_ready_ms": {
      "oxmgr": {
        "median": 36.18557800001554,
        "p95": 36.73326259999499
      },
      "pm2": {
        "median": 180.47102499997436,
        "p95": 183.71911299998942
      }
    }
  }
}